Model,Scenario,Region,Variable,Unit,2025,2030,2035,2040,2045,2050
Temoa,scenario_3,AB,Activity|electricity,PJ,1920.452134,1992.363532,1703.154539,1737.855377,1774.786957,1867.59481
Temoa,scenario_3,AB,Activity|electricity|E_BAT_2H-EXS,PJ,0.009080872,,0.297110909,,,
Temoa,scenario_3,AB,Activity|electricity|E_BAT_2H-NEW,PJ,,,,,0.199944858,0.273462355
Temoa,scenario_3,AB,Activity|electricity|E_BAT_4H-NEW,PJ,,,,,5.595458957,6.267908992
Temoa,scenario_3,AB,Activity|electricity|E_ELC_DEM,PJ,317.7864,327.6792,333.0108,335.196,336.4308,338.5404
Temoa,scenario_3,AB,Activity|electricity|E_ELC_DX_to_DEM,PJ,317.7864,327.6792,333.0108,335.196,336.4308,338.5404
Temoa,scenario_3,AB,Activity|electricity|E_ELC_TX_to_DX,PJ,268.9498568,278.8426568,284.1742572,286.3594575,306.1563976,319.5681834
Temoa,scenario_3,AB,Activity|electricity|E_HYD_DLY-EXS,PJ,6.628524551,6.628524761,6.628450608,6.628473225,6.628384354,6.628516124
Temoa,scenario_3,AB,Activity|electricity|E_HYD_ROR-EXS,PJ,1.242527219,1.242527172,1.242526811,1.242526592,1.242526446,1.242526179
Temoa,scenario_3,AB,Activity|electricity|E_INT_IN-BC,PJ,0.037740364,0.03774035,0.037740325,0.037740291,0.037740284,0.035869904
Temoa,scenario_3,AB,Activity|electricity|E_INT_IN-SK,PJ,1.099709231,1.099709245,0.989463468,1.048354886,1.038091946,0.921506728
Temoa,scenario_3,AB,Activity|electricity|E_INT_IN-USA,PJ,4.478538488,4.478538449,4.417131622,4.401734028,4.396962842,4.338458858
Temoa,scenario_3,AB,Activity|electricity|E_INT_OUT-BC,PJ,,7.8525576,,,,7.8525576
Temoa,scenario_3,AB,Activity|electricity|E_INT_OUT-SK,PJ,7.8525576,,7.8525576,7.8525576,7.8525576,
Temoa,scenario_3,AB,Activity|electricity|E_NG_CC-EXS,PJ,192.4389699,192.4389662,103.6892282,113.0007747,100.2955619,47.788593
Temoa,scenario_3,AB,Activity|electricity|E_NG_CC-NEW,PJ,,,,,28.95389693,21.66557398
Temoa,scenario_3,AB,Activity|electricity|E_NG_CCS-NEW,PJ,,,,,,7.273635645
Temoa,scenario_3,AB,Activity|electricity|E_NG_CCS_RFIT_95,PJ,,,,,,61.60610099
Temoa,scenario_3,AB,Activity|electricity|E_NG_CC_RFIT_BYPASS,PJ,192.4394359,192.4395508,103.689667,113.0012122,129.2498894,
Temoa,scenario_3,AB,Activity|electricity|E_NG_CG-EXS,PJ,47.5940157,47.59401599,47.59393627,47.59396339,29.03176125,17.72967706
Temoa,scenario_3,AB,Activity|electricity|E_NG_CT-EXS,PJ,10.28376105,21.49916515,,,,
Temoa,scenario_3,AB,Activity|electricity|E_NUC_SMR-NEW,PJ,,,,,,92.57863587
Temoa,scenario_3,AB,Activity|electricity|E_SOL_PV-EXS,PJ,11.39143068,11.3914306,11.1590437,10.91470196,10.88490216,1.65133413
Temoa,scenario_3,AB,Activity|electricity|E_SOL_PV-NEW-2,PJ,,,4.194487359,6.275802935,16.25907501,12.6573171
Temoa,scenario_3,AB,Activity|electricity|E_SOL_PV-NEW-3,PJ,,0.000299904,116.8783167,117.0246129,117.372846,104.441723
Temoa,scenario_3,AB,Activity|electricity|E_WND_ON-EXS,PJ,61.97816439,61.06523145,56.25164158,47.13658187,42.24492659,23.30054649
Temoa,scenario_3,AB,Activity|electricity|E_WND_ON-NEW-1,PJ,,,,,,5.031137438
Temoa,scenario_3,AB,Activity|electricity|E_WND_ON-NEW-2,PJ,,,,,,7.516897431
Temoa,scenario_3,AB,Activity|electricity|E_WND_ON-NEW-3,PJ,,,,,,4.445065817
Temoa,scenario_3,AB,Activity|electricity|E_WND_ON-NEW-4,PJ,,,,,,9.787756022
Temoa,scenario_3,AB,Activity|electricity|E_WND_ON-NEW-9,PJ,,,,,,0.000253491
Temoa,scenario_3,AB,Activity|electricity|F_E_NG,PJ,478.4550214,510.3942172,288.0373798,304.9448835,294.4844332,176.8378997
Temoa,scenario_3,AB,Activity|electricity|F_E_U_ENR,PJ,,,,,,249.0728723
Temoa,scenario_3,AB,Activity|fuel|F_IMP_NG,PJ,478.4550214,510.3942172,288.0373798,304.9448835,294.4844332,176.8378997
Temoa,scenario_3,AB,Activity|fuel|F_IMP_U_ENR,PJ,,,,,,249.0728723
Temoa,scenario_3,AB,Capacity|electricity,GW/y,26.88016505,26.39281798,36.43449844,35.23220076,34.77863075,41.05401219
Temoa,scenario_3,AB,Capacity|electricity|E_BAT_2H-EXS,GW/y,0.37,0.37,0.256,,,
Temoa,scenario_3,AB,Capacity|electricity|E_BAT_2H-NEW,GW/y,,,,,0.056926771,0.056939748
Temoa,scenario_3,AB,Capacity|electricity|E_BAT_4H-NEW,GW/y,,,,,0.947727817,0.947751212
Temoa,scenario_3,AB,Capacity|electricity|E_BIO_M-EXS,GW/y,0.444,0.444,0.444,0.401,0.354,0.336
Temoa,scenario_3,AB,Capacity|electricity|E_COAL-EXS,GW/y,4.36,3.952,3.122,2.7,2.299,1.366
Temoa,scenario_3,AB,Capacity|electricity|E_HYD_DLY-EXS,GW/y,0.781,0.781,0.781,0.781,0.781,0.781
Temoa,scenario_3,AB,Capacity|electricity|E_HYD_ROR-EXS,GW/y,0.1464,0.1464,0.1464,0.1464,0.1464,0.1464
Temoa,scenario_3,AB,Capacity|electricity|E_INT_IN-BC,GW/y,0.976,0.976,0.976,0.976,0.976,0.976
Temoa,scenario_3,AB,Capacity|electricity|E_INT_IN-SK,GW/y,0.153,0.153,0.153,0.153,0.153,0.153
Temoa,scenario_3,AB,Capacity|electricity|E_INT_IN-USA,GW/y,0.294,0.294,0.294,0.294,0.294,0.294
Temoa,scenario_3,AB,Capacity|electricity|E_NG_CC-EXS,GW/y,6.1022,6.1022,6.1022,6.1022,5.452,5.452
Temoa,scenario_3,AB,Capacity|electricity|E_NG_CC-NEW,GW/y,1.50547E-05,1.50547E-05,1.50547E-05,1.50547E-05,1.127048755,1.127048755
Temoa,scenario_3,AB,Capacity|electricity|E_NG_CCS-NEW,GW/y,,,,,,0.363872569
Temoa,scenario_3,AB,Capacity|electricity|E_NG_CCS_RFIT_95,GW/y,,,,,,4.31564155
Temoa,scenario_3,AB,Capacity|electricity|E_NG_CG-EXS,GW/y,5.04905,5.04905,5.04905,5.04905,3.08705,1.99105
Temoa,scenario_3,AB,Capacity|electricity|E_NG_CT-EXS,GW/y,1.798,1.788,1.788,1.788,1.597,1.597
Temoa,scenario_3,AB,Capacity|electricity|E_NG_CT-NEW,GW/y,,,,,0.12376081,0.12376081
Temoa,scenario_3,AB,Capacity|electricity|E_NUC_SMR-NEW,GW/y,,,,,,2.93564958
Temoa,scenario_3,AB,Capacity|electricity|E_SOL_PV-EXS,GW/y,1.695,1.695,1.695,1.695,1.658,0.3448
Temoa,scenario_3,AB,Capacity|electricity|E_SOL_PV-NEW-1,GW/y,,,2.04083E-05,4.11025E-05,6.01739E-05,6.01739E-05
Temoa,scenario_3,AB,Capacity|electricity|E_SOL_PV-NEW-2,GW/y,,1.22672E-05,0.42820056,0.624025701,1.578066768,1.578066768
Temoa,scenario_3,AB,Capacity|electricity|E_SOL_PV-NEW-3,GW/y,,4.06601E-05,10.89711241,10.8971689,10.89718965,10.89718965
Temoa,scenario_3,AB,Capacity|electricity|E_WND_ON-EXS,GW/y,4.7115,4.6421,4.3025,3.6253,3.2504,1.828
Temoa,scenario_3,AB,Capacity|electricity|E_WND_ON-NEW-1,GW/y,,,,,,0.62433538
Temoa,scenario_3,AB,Capacity|electricity|E_WND_ON-NEW-13,GW/y,,,,,,1.24579E-05
Temoa,scenario_3,AB,Capacity|electricity|E_WND_ON-NEW-2,GW/y,,,,,,0.975083931
Temoa,scenario_3,AB,Capacity|electricity|E_WND_ON-NEW-3,GW/y,,,,,,0.606274063
Temoa,scenario_3,AB,Capacity|electricity|E_WND_ON-NEW-4,GW/y,,,,,,1.237018676
Temoa,scenario_3,AB,Capacity|electricity|E_WND_ON-NEW-9,GW/y,,,,,,5.68643E-05
Temoa,scenario_3,AB,Emissions|ch4,ktonnes,6285.336634,6704.915075,3783.874341,4005.985532,3868.572115,2323.073079
Temoa,scenario_3,AB,Emissions|ch4|F_E_BIO_M,ktonnes,0.002574643,0.004433913,0.00525929,0.007144954,0.009822948,0.001448897
Temoa,scenario_3,AB,Emissions|ch4|F_E_COAL,ktonnes,,1.37463E-05,1.80693E-05,2.57286E-05,3.29732E-05,2.56228E-05
Temoa,scenario_3,AB,Emissions|ch4|F_E_NG,ktonnes,6285.33406,6704.910627,3783.869063,4005.978361,3868.562259,2323.071604
Temoa,scenario_3,AB,Emissions|co2,ktonnes,26519.17004,28289.45131,15964.95276,16902.07798,16322.28833,2999.999999
Temoa,scenario_3,AB,Emissions|co2e,ktonnes,25168.23375,26848.3335,15151.66811,16041.05435,15490.80026,2500.691047
Temoa,scenario_3,AB,Emissions|co2e|E_COAL_CCS_RFIT_90,ktonnes,-0.000119161,-0.000278687,-0.000462202,-0.000720626,-0.000962302,-0.000864854
Temoa,scenario_3,AB,Emissions|co2e|E_COAL_CCS_RFIT_95,ktonnes,-0.000123937,-0.000290149,-0.000483073,-0.00075416,-0.001008126,-0.001050328
Temoa,scenario_3,AB,Emissions|co2e|E_NG_CCS-NEW,ktonnes,-0.002053718,-0.004416214,-0.002104831,-0.00333343,-0.004912028,-692.4595837
Temoa,scenario_3,AB,Emissions|co2e|E_NG_CCS_RFIT_90,ktonnes,-0.000244598,-0.000545348,-0.000959983,-0.00147294,-0.00200304,-0.007258547
Temoa,scenario_3,AB,Emissions|co2e|E_NG_CCS_RFIT_95,ktonnes,-0.000256704,-0.000574934,-0.001022988,-0.001586471,-0.002186272,-6109.071081
Temoa,scenario_3,AB,Emissions|co2e|F_E_BIO_M,ktonnes,0.000968748,0.001668326,0.001978886,0.002688396,0.00369603,0.000545169
Temoa,scenario_3,AB,Emissions|co2e|F_E_COAL,ktonnes,0.000669079,0.001138769,0.0014969,0.002131414,0.002731573,0.002122646
Temoa,scenario_3,AB,Emissions|co2e|F_E_NG,ktonnes,25168.23491,26848.3368,15151.66967,16041.0574,15490.80491,9302.228218
Temoa,scenario_3,AB,Emissions|co2|E_COAL_CCS_RFIT_90,ktonnes,-0.000119161,-0.000278687,-0.000462202,-0.000720626,-0.000962302,-0.000864854
Temoa,scenario_3,AB,Emissions|co2|E_COAL_CCS_RFIT_95,ktonnes,-0.000123937,-0.000290149,-0.000483073,-0.00075416,-0.001008126,-0.001050328
Temoa,scenario_3,AB,Emissions|co2|E_NG_CCS-NEW,ktonnes,-0.002053718,-0.004416214,-0.002104831,-0.00333343,-0.004912028,-692.4595837
Temoa,scenario_3,AB,Emissions|co2|E_NG_CCS_RFIT_90,ktonnes,-0.000244598,-0.000545348,-0.000959983,-0.00147294,-0.00200304,-0.007258547
Temoa,scenario_3,AB,Emissions|co2|E_NG_CCS_RFIT_95,ktonnes,-0.000256704,-0.000574934,-0.001022988,-0.001586471,-0.002186272,-6109.071081
Temoa,scenario_3,AB,Emissions|co2|F_E_BIO_M,ktonnes,0.000798907,0.001375834,0.001631947,0.002217065,0.003048041,0.00044959
Temoa,scenario_3,AB,Emissions|co2|F_E_COAL,ktonnes,0.000667383,0.001135882,0.001493106,0.002126011,0.002724648,0.002117265
Temoa,scenario_3,AB,Emissions|co2|F_E_NG,ktonnes,24820.65593,26477.55524,14942.42171,15819.52679,15276.87341,9173.762357
Temoa,scenario_3,AB,Emissions|co2|F_IMP_COAL,ktonnes,0.000116377,0.000198073,0.000260365,0.00037073,0.000475119,0.000369205
Temoa,scenario_3,AB,Emissions|co2|F_IMP_NG,ktonnes,1698.515326,1811.899471,1022.532698,1082.554336,1045.419738,627.774544
Temoa,scenario_3,AB,Emissions|n2o,ktonnes,628.533764,670.4916794,378.3876498,400.5988469,386.857614,232.307379
Temoa,scenario_3,AB,Emissions|n2o|F_E_BIO_M,ktonnes,0.000358063,0.000616637,0.000731424,0.000993669,0.001366105,0.000201502
Temoa,scenario_3,AB,Emissions|n2o|F_E_COAL,ktonnes,,,1.20462E-05,1.71524E-05,2.19822E-05,1.70819E-05
Temoa,scenario_3,AB,Emissions|n2o|F_E_NG,ktonnes,628.533406,670.4910627,378.3869063,400.5978361,386.8562259,232.3071604
